fromPos,toPos,1:03-2454_S25_L001
0,1000,5
500,1500,1
1000,2000,4
1500,2500,5
2000,3000,1
2500,3500,3
3000,4000,5
3500,4500,2
4000,5000,0
4500,5500,4
5000,6000,10
5500,6500,7
6000,7000,5
6500,7500,4
7000,8000,2
7500,8500,10
8000,9000,8
8500,9500,3
9000,10000,3
9500,10500,3
10000,11000,4
10500,11500,2
11000,12000,2
11500,12500,1
12000,13000,0
12500,13500,1
13000,14000,2
13500,14500,1
14000,15000,2
14500,15500,2
15000,16000,3
15500,16500,3
16000,17000,6
16500,17500,6
17000,18000,6
17500,18500,6
18000,19000,6
18500,19500,6
19000,20000,6
19500,20500,6
20000,21000,6
20500,21500,6
21000,22000,6
21500,22500,6
22000,23000,6
22500,23500,6
23000,24000,6
23500,24500,6
24000,25000,6
24500,25500,6
25000,26000,6
25500,26500,6
26000,27000,6
26500,27500,6
27000,28000,6
27500,28500,0
28000,29000,0
28500,29500,0
29000,30000,0
29500,30500,0
30000,31000,0
30500,31500,0
31000,32000,0
31500,32500,0
32000,33000,0
32500,33500,1
33000,34000,5
33500,34500,7
34000,35000,4
34500,35500,2
35000,36000,4
35500,36500,5
36000,37000,7
36500,37500,10
37000,38000,11
37500,38500,8
38000,39000,5
38500,39500,11
39000,40000,8
39500,40500,2
40000,41000,3
40500,41500,6
41000,42000,12
41500,42500,21
42000,43000,22
42500,43500,22
43000,44000,35
43500,44500,31
44000,45000,10
44500,45500,10
45000,46000,20
45500,46500,24
46000,47000,18
46500,47500,5
47000,48000,1
47500,48500,3
48000,49000,4
48500,49500,4
49000,50000,4
49500,50500,5
50000,51000,5
50500,51500,2
51000,52000,2
51500,52500,6
52000,53000,14
52500,53500,22
53000,54000,13
53500,54500,5
54000,55000,4
54500,55500,2
55000,56000,5
55500,56500,6
56000,57000,6
56500,57500,5
57000,58000,7
57500,58500,6
58000,59000,4
58500,59500,6
59000,60000,3
59500,60500,0
60000,61000,0
60500,61500,3
61000,62000,3
61500,62500,0
62000,63000,0
62500,63500,2
63000,64000,3
63500,64500,2
64000,65000,1
64500,65500,1
65000,66000,3
65500,66500,2
66000,67000,0
66500,67500,1
67000,68000,2
67500,68500,1
68000,69000,2
68500,69500,1
69000,70000,2
69500,70500,3
70000,71000,1
70500,71500,1
71000,72000,1
71500,72500,1
72000,73000,1
72500,73500,3
73000,74000,4
73500,74500,1
74000,75000,1
74500,75500,1
75000,76000,1
75500,76500,1
76000,77000,1
76500,77500,1
77000,78000,1
77500,78500,1
78000,79000,1
78500,79500,1
79000,80000,4
79500,80500,10
80000,81000,12
80500,81500,13
81000,82000,10
81500,82500,3
82000,83000,3
82500,83500,2
83000,84000,3
83500,84500,14
84000,85000,11
84500,85500,1
85000,86000,3
85500,86500,9
86000,87000,12
86500,87500,6
87000,88000,3
87500,88500,3
88000,89000,1
88500,89500,9
89000,90000,10
89500,90500,5
90000,91000,4
90500,91500,4
91000,92000,4
91500,92500,4
92000,93000,4
92500,93500,4
93000,94000,4
93500,94500,4
94000,95000,4
94500,95500,4
95000,96000,4
95500,96500,4
96000,97000,4
96500,97500,4
97000,98000,4
97500,98500,4
98000,99000,4
98500,99500,4
99000,100000,4
99500,100500,4
100000,101000,4
100500,101500,4
101000,102000,4
101500,102500,4
102000,103000,4
102500,103500,4
103000,104000,4
103500,104500,4
104000,105000,4
104500,105500,4
105000,106000,4
105500,106500,4
106000,107000,7
106500,107500,7
107000,108000,9
107500,108500,13
108000,109000,11
108500,109500,5
109000,110000,2
109500,110500,2
110000,111000,2
110500,111500,2
111000,112000,2
111500,112500,2
112000,113000,2
112500,113500,2
113000,114000,2
113500,114500,2
114000,115000,2
114500,115500,2
115000,116000,2
115500,116500,2
116000,117000,2
116500,117500,2
117000,118000,2
117500,118500,2
118000,119000,2
118500,119500,2
119000,120000,2
119500,120500,2
120000,121000,2
120500,121500,2
121000,122000,2
121500,122500,2
122000,123000,2
122500,123500,2
123000,124000,2
123500,124500,2
124000,125000,2
124500,125500,12
125000,126000,19
125500,126500,14
126000,127000,10
126500,127500,13
127000,128000,12
127500,128500,5
128000,129000,4
128500,129500,4
129000,130000,1
129500,130500,3
130000,131000,4
130500,131500,4
131000,132000,6
131500,132500,6
132000,133000,4
132500,133500,8
133000,134000,12
133500,134500,7
134000,135000,6
134500,135500,8
135000,136000,4
135500,136500,1
136000,137000,3
136500,137500,5
137000,138000,5
137500,138500,5
138000,139000,5
138500,139500,7
139000,140000,8
139500,140500,4
140000,141000,3
140500,141500,4
141000,142000,4
141500,142500,4
142000,143000,4
142500,143500,2
143000,144000,9
143500,144500,13
144000,145000,6
144500,145500,2
145000,146000,2
145500,146500,2
146000,147000,3
146500,147500,10
147000,148000,9
147500,148500,5
148000,149000,10
148500,149500,12
149000,150000,9
149500,150500,12
150000,151000,12
150500,151500,8
151000,152000,7
151500,152500,10
152000,153000,18
152500,153500,12
153000,154000,12
153500,154500,12
154000,155000,22
154500,155500,21
155000,156000,12
155500,156500,9
156000,157000,11
156500,157500,12
157000,158000,25
157500,158500,29
158000,159000,29
158500,159500,19
159000,160000,4
159500,160500,10
160000,161000,16
160500,161500,11
161000,162000,7
161500,162500,14
162000,163000,14
162500,163500,3
163000,164000,0
163500,164500,1
164000,165000,3
164500,165500,4
165000,166000,4
165500,166500,3
166000,167000,1
166500,167500,3
167000,168000,7
167500,168500,5
168000,169000,1
168500,169500,4
169000,170000,14
169500,170500,13
170000,171000,6
170500,171500,15
171000,172000,20
171500,172500,13
172000,173000,13
172500,173500,15
173000,174000,8
173500,174500,5
174000,175000,8
174500,175500,5
175000,176000,1
175500,176500,1
176000,177000,1
176500,177500,1
177000,178000,1
177500,178500,2
178000,179000,3
178500,179500,2
179000,180000,3
179500,180500,9
180000,181000,11
180500,181500,6
181000,182000,3
181500,182500,9
182000,183000,10
182500,183500,5
183000,184000,5
183500,184500,9
184000,185000,8
184500,185500,5
185000,186000,8
185500,186500,10
186000,187000,6
186500,187500,11
187000,188000,15
187500,188500,8
188000,189000,3
188500,189500,1
189000,190000,2
189500,190500,4
190000,191000,5
190500,191500,3
191000,192000,11
191500,192500,14
192000,193000,9
192500,193500,8
193000,194000,5
193500,194500,3
194000,195000,5
194500,195500,5
195000,196000,3
195500,196500,3
196000,197000,1
196500,197500,2
197000,198000,2
197500,198500,0
198000,199000,1
198500,199500,1
199000,200000,1
199500,200500,1
200000,201000,1
200500,201500,2
201000,202000,11
201500,202500,15
202000,203000,10
202500,203500,10
203000,204000,9
203500,204500,4
204000,205000,2
204500,205500,4
205000,206000,5
205500,206500,4
206000,207000,1
206500,207500,4
207000,208000,5
207500,208500,2
208000,209000,5
208500,209500,6
209000,210000,5
209500,210500,4
210000,211000,2
210500,211500,3
211000,212000,2
211500,212500,0
212000,213000,0
212500,213500,0
213000,214000,0
213500,214500,8
214000,215000,12
214500,215500,6
215000,216000,6
215500,216500,6
216000,217000,4
216500,217500,5
217000,218000,13
217500,218500,10
218000,219000,10
218500,219500,17
219000,220000,18
219500,220500,17
220000,221000,16
220500,221500,12
221000,222000,4
221500,222500,4
222000,223000,4
222500,223500,2
223000,224000,11
223500,224500,21
224000,225000,14
224500,225500,12
225000,226000,12
225500,226500,9
226000,227000,12
226500,227500,11
227000,228000,4
227500,228500,2
228000,229000,3
228500,229500,5
229000,230000,6
229500,230500,4
230000,231000,5
230500,231500,4
231000,232000,2
231500,232500,1
232000,233000,4
232500,233500,6
233000,234000,5
233500,234500,11
234000,235000,16
234500,235500,15
235000,236000,9
235500,236500,3
236000,237000,2
236500,237500,3
237000,238000,4
237500,238500,3
238000,239000,2
238500,239500,1
239000,240000,2
239500,240500,5
240000,241000,5
240500,241500,4
241000,242000,8
241500,242500,7
242000,243000,11
242500,243500,11
243000,244000,3
243500,244500,3
244000,245000,3
244500,245500,4
245000,246000,5
245500,246500,3
246000,247000,1
246500,247500,2
247000,248000,3
247500,248500,3
248000,249000,3
248500,249500,4
249000,250000,4
249500,250500,4
250000,251000,4
250500,251500,3
251000,252000,6
251500,252500,9
252000,253000,11
252500,253500,8
253000,254000,3
253500,254500,5
254000,255000,3
254500,255500,1
255000,256000,1
255500,256500,2
256000,257000,9
256500,257500,10
257000,258000,8
257500,258500,10
258000,259000,7
258500,259500,5
259000,260000,5
259500,260500,3
260000,261000,1
260500,261500,2
261000,262000,9
261500,262500,11
262000,263000,6
262500,263500,2
263000,264000,2
263500,264500,2
264000,265000,2
264500,265500,2
265000,266000,2
265500,266500,2
266000,267000,2
266500,267500,2
267000,268000,2
267500,268500,5
268000,269000,7
268500,269500,6
269000,270000,5
269500,270500,10
270000,271000,19
270500,271500,15
271000,272000,11
271500,272500,10
272000,273000,2
272500,273500,0
273000,274000,0
273500,274500,5
274000,275000,5
274500,275500,5
275000,276000,6
275500,276500,6
276000,277000,7
276500,277500,5
277000,278000,5
277500,278500,4
278000,279000,2
278500,279500,1
279000,280000,1
279500,280500,0
280000,281000,2
280500,281500,7
281000,282000,7
281500,282500,5
282000,283000,5
282500,283500,4
283000,284000,4
283500,284500,5
284000,285000,5
284500,285500,5
285000,286000,7
285500,286500,13
286000,287000,10
286500,287500,5
287000,288000,4
287500,288500,0
288000,289000,1
288500,289500,1
289000,290000,0
289500,290500,0
290000,291000,1
290500,291500,3
291000,292000,3
291500,292500,6
292000,293000,7
292500,293500,2
293000,294000,4
293500,294500,11
294000,295000,13
294500,295500,7
295000,296000,3
295500,296500,8
296000,297000,8
296500,297500,6
297000,298000,5
297500,298500,3
298000,299000,7
298500,299500,6
299000,300000,2
299500,300500,0
300000,301000,0
300500,301500,0
301000,302000,0
301500,302500,0
302000,303000,0
302500,303500,0
303000,304000,0
303500,304500,0
304000,305000,0
304500,305500,0
305000,306000,0
305500,306500,0
306000,307000,0
306500,307500,0
307000,308000,0
307500,308500,0
308000,309000,0
308500,309500,0
309000,310000,0
309500,310500,0
310000,311000,0
310500,311500,0
311000,312000,1
311500,312500,1
312000,313000,1
312500,313500,1
313000,314000,1
313500,314500,1
314000,315000,1
314500,315500,1
315000,316000,1
315500,316500,1
316000,317000,1
316500,317500,5
317000,318000,8
317500,318500,9
318000,319000,6
318500,319500,3
319000,320000,3
319500,320500,2
320000,321000,2
320500,321500,3
321000,322000,7
321500,322500,10
322000,323000,9
322500,323500,12
323000,324000,12
323500,324500,5
324000,325000,4
324500,325500,4
325000,326000,1
325500,326500,3
326000,327000,4
326500,327500,2
327000,328000,1
327500,328500,1
328000,329000,3
328500,329500,13
329000,330000,13
329500,330500,5
330000,331000,7
330500,331500,7
331000,332000,6
331500,332500,7
332000,333000,6
332500,333500,6
333000,334000,6
333500,334500,7
334000,335000,5
334500,335500,6
335000,336000,11
335500,336500,14
336000,337000,14
336500,337500,13
337000,338000,13
337500,338500,9
338000,339000,6
338500,339500,2
339000,340000,4
339500,340500,11
340000,341000,9
340500,341500,7
341000,342000,10
341500,342500,10
342000,343000,9
342500,343500,7
343000,344000,6
343500,344500,8
344000,345000,12
344500,345500,14
345000,346000,11
345500,346500,10
346000,347000,12
346500,347500,15
347000,348000,25
347500,348500,16
348000,349000,2
348500,349500,6
349000,350000,9
349500,350500,13
350000,351000,13
350500,351500,8
351000,352000,7
351500,352500,9
352000,353000,14
352500,353500,16
353000,354000,23
353500,354500,18
354000,355000,3
354500,355500,3
355000,356000,3
355500,356500,3
356000,357000,3
356500,357500,3
357000,358000,3
357500,358500,0
358000,359000,0
358500,359500,0
359000,360000,0
359500,360500,0
360000,361000,0
360500,361500,0
361000,362000,4
361500,362500,9
362000,363000,5
362500,363500,5
363000,364000,5
363500,364500,5
364000,365000,5
364500,365500,5
365000,366000,5
365500,366500,0
366000,367000,0
366500,367500,8
367000,368000,21
367500,368500,30
368000,369000,30
368500,369500,20
369000,370000,11
369500,370500,10
370000,371000,9
370500,371500,9
371000,372000,17
371500,372500,26
372000,373000,20
372500,373500,9
373000,374000,12
373500,374500,16
374000,375000,13
374500,375500,7
375000,376000,3
375500,376500,2
376000,377000,1
376500,377500,3
377000,378000,9
377500,378500,8
378000,379000,5
378500,379500,5
379000,380000,15
379500,380500,20
380000,381000,10
380500,381500,9
381000,382000,10
381500,382500,3
382000,383000,4
382500,383500,6
383000,384000,2
383500,384500,2
384000,385000,8
384500,385500,9
385000,386000,12
385500,386500,18
386000,387000,13
386500,387500,15
387000,388000,12
387500,388500,3
388000,389000,10
388500,389500,14
389000,390000,6
389500,390500,0
390000,391000,2
390500,391500,6
391000,392000,4
391500,392500,2
392000,393000,5
392500,393500,7
393000,394000,8
393500,394500,10
394000,395000,8
394500,395500,2
395000,396000,2
395500,396500,2
396000,397000,3
396500,397500,1
397000,398000,2
397500,398500,1
398000,399000,3
398500,399500,7
399000,400000,10
399500,400500,10
400000,401000,5
400500,401500,5
401000,402000,8
401500,402500,5
402000,403000,3
402500,403500,7
403000,404000,7
403500,404500,4
404000,405000,5
404500,405500,3
405000,406000,12
405500,406500,26
406000,407000,18
406500,407500,3
407000,408000,2
407500,408500,2
408000,409000,2
408500,409500,12
409000,410000,24
409500,410500,14
410000,411000,14
410500,411500,14
411000,412000,14
411500,412500,0
412000,413000,0
412500,413500,0
413000,414000,1
413500,414500,2
414000,415000,1
414500,415500,0
415000,416000,0
415500,416500,1
416000,417000,6
416500,417500,9
417000,418000,4
417500,418500,1
418000,419000,3
418500,419500,2
419000,420000,0
419500,420500,1
420000,421000,3
420500,421500,4
421000,422000,2
421500,422500,1
422000,423000,3
422500,423500,5
423000,424000,6
423500,424500,7
424000,425000,10
424500,425500,8
425000,426000,5
425500,426500,4
426000,427000,2
426500,427500,2
427000,428000,2
427500,428500,2
428000,429000,2
428500,429500,2
429000,430000,1
429500,430500,4
430000,431000,6
430500,431500,5
431000,432000,4
431500,432500,3
432000,433000,5
432500,433500,4
433000,434000,3
433500,434500,2
434000,435000,1
434500,435500,4
435000,436000,4
435500,436500,2
436000,437000,5
436500,437500,9
437000,438000,5
437500,438500,1
438000,439000,5
438500,439500,4
439000,440000,0
439500,440500,0
440000,441000,2
440500,441500,2
441000,442000,2
441500,442500,4
442000,443000,7
442500,443500,5
443000,444000,3
443500,444500,5
444000,445000,3
444500,445500,1
445000,446000,1
445500,446500,4
446000,447000,4
446500,447500,3
447000,448000,4
447500,448500,2
448000,449000,1
448500,449500,2
449000,450000,6
449500,450500,9
450000,451000,11
450500,451500,8
451000,452000,14
451500,452500,24
452000,453000,22
452500,453500,15
453000,454000,6
453500,454500,2
454000,455000,2
454500,455500,2
455000,456000,2
455500,456500,2
456000,457000,2
456500,457500,2
457000,458000,2
457500,458500,2
458000,459000,2
458500,459500,2
459000,460000,2
459500,460500,2
460000,461000,2
460500,461500,3
461000,462000,3
461500,462500,3
462000,463000,6
462500,463500,11
463000,464000,7
463500,464500,11
464000,465000,35
464500,465500,28
465000,466000,4
465500,466500,2
466000,467000,1
466500,467500,3
467000,468000,4
467500,468500,2
468000,469000,5
468500,469500,5
469000,470000,2
469500,470500,3
470000,471000,3
470500,471500,7
471000,472000,6
471500,472500,2
472000,473000,2
472500,473500,3
473000,474000,3
473500,474500,4
474000,475000,4
474500,475500,2
475000,476000,7
475500,476500,8
476000,477000,5
476500,477500,3
477000,478000,5
477500,478500,5
478000,479000,5
478500,479500,6
479000,480000,2
479500,480500,2
480000,481000,7
480500,481500,7
481000,482000,5
481500,482500,4
482000,483000,9
482500,483500,9
483000,484000,1
483500,484500,0
484000,485000,0
484500,485500,0
485000,486000,0
485500,486500,0
486000,487000,1
486500,487500,4
487000,488000,5
487500,488500,7
488000,489000,8
488500,489500,9
489000,490000,22
489500,490500,32
490000,491000,36
490500,491500,23
491000,492000,10
491500,492500,9
492000,493000,8
492500,493500,10
493000,494000,7
493500,494500,8
494000,495000,8
494500,495500,5
495000,496000,3
495500,496500,5
496000,497000,6
496500,497500,4
497000,498000,4
497500,498500,3
498000,499000,4
498500,499500,6
499000,500000,6
499500,500500,8
500000,501000,10
500500,501500,8
501000,502000,3
501500,502500,3
502000,503000,5
502500,503500,3
503000,504000,1
503500,504500,1
504000,505000,1
504500,505500,1
505000,506000,3
505500,506500,3
506000,507000,8
506500,507500,11
507000,508000,6
507500,508500,20
508000,509000,24
508500,509500,15
509000,510000,16
509500,510500,21
510000,511000,33
510500,511500,23
511000,512000,8
511500,512500,11
512000,513000,14
512500,513500,21
513000,514000,29
513500,514500,20
514000,515000,16
514500,515500,21
515000,516000,16
515500,516500,7
516000,517000,2
516500,517500,1
517000,518000,0
517500,518500,3
518000,519000,11
518500,519500,10
519000,520000,5
519500,520500,4
520000,521000,2
520500,521500,1
521000,522000,2
521500,522500,2
522000,523000,1
522500,523500,1
523000,524000,1
523500,524500,1
524000,525000,6
524500,525500,17
525000,526000,16
525500,526500,6
526000,527000,3
526500,527500,2
527000,528000,0
527500,528500,2
528000,529000,2
528500,529500,0
529000,530000,6
529500,530500,12
530000,531000,8
530500,531500,3
531000,532000,3
531500,532500,5
532000,533000,6
532500,533500,10
533000,534000,11
533500,534500,8
534000,535000,7
534500,535500,11
535000,536000,9
535500,536500,2
536000,537000,9
536500,537500,15
537000,538000,14
537500,538500,7
538000,539000,1
538500,539500,4
539000,540000,5
539500,540500,7
540000,541000,6
540500,541500,2
541000,542000,13
541500,542500,31
542000,543000,34
542500,543500,15
543000,544000,3
543500,544500,6
544000,545000,8
544500,545500,6
545000,546000,8
545500,546500,9
546000,547000,7
546500,547500,5
547000,548000,3
547500,548500,5
548000,549000,3
548500,549500,3
549000,550000,2
549500,550500,1
550000,551000,5
550500,551500,10
551000,552000,6
551500,552500,0
552000,553000,0
552500,553500,0
553000,554000,0
553500,554500,0
554000,555000,0
554500,555500,0
555000,556000,0
555500,556500,0
556000,557000,0
556500,557500,0
557000,558000,0
557500,558500,0
558000,559000,0
558500,559500,0
559000,560000,0
559500,560500,0
560000,561000,0
560500,561500,0
561000,562000,0
561500,562500,0
562000,563000,0
562500,563500,1
563000,564000,3
563500,564500,2
564000,565000,0
564500,565500,2
565000,566000,5
565500,566500,4
566000,567000,3
566500,567500,5
567000,568000,4
567500,568500,7
568000,569000,9
568500,569500,4
569000,570000,3
569500,570500,7
570000,571000,6
570500,571500,5
571000,572000,4
571500,572500,8
572000,573000,11
572500,573500,5
573000,574000,3
573500,574500,2
574000,575000,3
574500,575500,8
575000,576000,9
575500,576500,3
576000,577000,3
576500,577500,3
577000,578000,5
577500,578500,9
578000,579000,4
578500,579500,5
579000,580000,14
579500,580500,15
580000,581000,8
580500,581500,7
581000,582000,6
581500,582500,3
582000,583000,3
582500,583500,4
583000,584000,8
583500,584500,7
584000,585000,11
584500,585500,33
585000,586000,35
585500,586500,15
586000,587000,6
586500,587500,4
587000,588000,4
587500,588500,6
588000,589000,7
588500,589500,7
589000,590000,6
589500,590500,4
590000,591000,3
590500,591500,7
591000,592000,22
591500,592500,25
592000,593000,11
592500,593500,2
593000,594000,0
593500,594500,0
594000,595000,7
594500,595500,15
595000,596000,10
595500,596500,3
596000,597000,8
596500,597500,8
597000,598000,3
597500,598500,5
598000,599000,4
598500,599500,2
599000,600000,4
599500,600500,6
600000,601000,4
600500,601500,5
601000,602000,9
601500,602500,7
602000,603000,6
602500,603500,5
603000,604000,1
603500,604500,1
604000,605000,6
604500,605500,5
605000,606000,3
605500,606500,7
606000,607000,6
606500,607500,2
607000,608000,4
607500,608500,6
608000,609000,3
608500,609500,6
609000,610000,6
609500,610500,6
610000,611000,7
610500,611500,4
611000,612000,4
611500,612500,3
612000,613000,6
612500,613500,5
613000,614000,5
613500,614500,5
614000,615000,5
614500,615500,5
615000,616000,6
615500,616500,2
616000,617000,4
616500,617500,6
617000,618000,6
617500,618500,4
618000,619000,1
618500,619500,2
619000,620000,4
619500,620500,4
620000,621000,3
620500,621500,6
621000,622000,5
621500,622500,2
622000,623000,2
622500,623500,2
623000,624000,8
623500,624500,8
624000,625000,5
624500,625500,3
625000,626000,3
625500,626500,3
626000,627000,3
626500,627500,3
627000,628000,4
627500,628500,1
628000,629000,2
628500,629500,3
629000,630000,1
629500,630500,0
630000,631000,1
630500,631500,2
631000,632000,1
631500,632500,2
632000,633000,4
632500,633500,6
633000,634000,8
633500,634500,4
634000,635000,21
634500,635500,26
635000,636000,8
635500,636500,5
636000,637000,5
636500,637500,6
637000,638000,4
637500,638500,5
638000,639000,9
638500,639500,9
639000,640000,7
639500,640500,4
640000,641000,6
640500,641500,7
641000,642000,5
641500,642500,3
642000,643000,3
642500,643500,6
643000,644000,5
643500,644500,7
644000,645000,6
644500,645500,1
645000,646000,17
645500,646500,23
646000,647000,10
646500,647500,10
647000,648000,7
647500,648500,1
648000,649000,1
648500,649500,1
649000,650000,4
649500,650500,7
650000,651000,4
650500,651500,5
651000,652000,7
651500,652500,4
652000,653000,5
652500,653500,5
653000,654000,5
653500,654500,10
654000,655000,6
654500,655500,3
655000,656000,5
655500,656500,5
656000,657000,4
656500,657500,5
657000,658000,5
657500,658500,3
658000,659000,3
658500,659500,11
659000,660000,11
659500,660500,3
660000,661000,3
660500,661500,4
661000,662000,8
661500,662500,8
662000,663000,3
662500,663500,3
663000,664000,5
663500,664500,6
664000,665000,5
664500,665500,4
665000,666000,6
665500,666500,18
666000,667000,14
666500,667500,1
667000,668000,6
667500,668500,6
668000,669000,1
668500,669500,1
669000,670000,1
669500,670500,2
670000,671000,10
670500,671500,8
671000,672000,3
671500,672500,6
672000,673000,3
672500,673500,3
673000,674000,4
673500,674500,5
674000,675000,7
674500,675500,9
675000,676000,9
675500,676500,7
676000,677000,20
676500,677500,22
677000,678000,8
677500,678500,5
678000,679000,7
678500,679500,21
679000,680000,17
679500,680500,20
680000,681000,7
680500,681500,11
681000,682000,18
681500,682500,14
682000,683000,12
682500,683500,9
683000,684000,2
683500,684500,9
684000,685000,9
684500,685500,4
685000,686000,6
685500,686500,4
686000,687000,1
686500,687500,1
687000,688000,2
687500,688500,4
688000,689000,5
688500,689500,4
689000,690000,4
689500,690500,5
690000,691000,7
690500,691500,13
691000,692000,15
691500,692500,16
692000,693000,14
692500,693500,9
693000,694000,7
693500,694500,7
694000,695000,5
694500,695500,1
695000,696000,4
695500,696500,6
696000,697000,6
696500,697500,5
697000,698000,4
697500,698500,10
698000,699000,8
698500,699500,1
699000,700000,4
699500,700500,8
700000,701000,4
700500,701500,0
701000,702000,0
701500,702500,0
702000,703000,0
702500,703500,0
703000,704000,0
703500,704500,1
704000,705000,1
704500,705500,1
705000,706000,1
705500,706500,0
706000,707000,0
706500,707500,2
707000,708000,3
707500,708500,2
708000,709000,3
708500,709500,4
709000,710000,6
709500,710500,6
710000,711000,3
710500,711500,6
711000,712000,9
711500,712500,6
712000,713000,9
712500,713500,10
713000,714000,5
713500,714500,6
714000,715000,6
714500,715500,4
715000,716000,6
715500,716500,10
716000,717000,6
716500,717500,1
717000,718000,3
717500,718500,5
718000,719000,8
718500,719500,29
719000,720000,24
719500,720500,24
720000,721000,10
720500,721500,22
721000,722000,13
721500,722500,3
722000,723000,7
722500,723500,5
723000,724000,0
723500,724500,0
724000,725000,0
724500,725500,1
725000,726000,1
725500,726500,0
726000,727000,2
726500,727500,2
727000,728000,1
727500,728500,1
728000,729000,1
728500,729500,2
729000,730000,6
729500,730500,12
730000,731000,9
730500,731500,3
731000,732000,4
731500,732500,9
732000,733000,10
732500,733500,8
733000,734000,7
733500,734500,12
734000,735000,10
734500,735500,2
735000,736000,4
735500,736500,3
736000,737000,2
736500,737500,7
737000,738000,10
737500,738500,7
738000,739000,10
738500,739500,11
739000,740000,3
739500,740500,3
740000,741000,6
740500,741500,8
741000,742000,10
741500,742500,8
742000,743000,6
742500,743500,4
743000,744000,5
743500,744500,10
744000,745000,6
744500,745500,1
745000,746000,4
745500,746500,5
746000,747000,5
746500,747500,4
747000,748000,3
747500,748500,22
748000,749000,30
748500,749500,17
749000,750000,10
749500,750500,6
750000,751000,12
750500,751500,11
751000,752000,4
751500,752500,7
752000,753000,7
752500,753500,4
753000,754000,7
753500,754500,7
754000,755000,3
754500,755500,4
755000,756000,14
755500,756500,18
756000,757000,41
756500,757500,32
757000,758000,0
757500,758500,2
758000,759000,3
758500,759500,4
759000,760000,4
759500,760500,10
760000,761000,11
760500,761500,11
761000,762000,13
761500,762500,6
762000,763000,3
762500,763500,3
763000,764000,2
763500,764500,0
764000,765000,0
764500,765500,0
765000,766000,0
765500,766500,0
766000,767000,0
766500,767500,1
767000,768000,5
767500,768500,6
768000,769000,7
768500,769500,20
769000,770000,17
769500,770500,3
770000,771000,4
770500,771500,9
771000,772000,8
771500,772500,2
772000,773000,3
772500,773500,4
773000,774000,5
773500,774500,8
774000,775000,12
774500,775500,17
775000,776000,9
775500,776500,1
776000,777000,11
776500,777500,20
777000,778000,12
777500,778500,2
778000,779000,2
778500,779500,2
779000,780000,2
779500,780500,2
780000,781000,2
780500,781500,2
781000,782000,2
781500,782500,2
782000,783000,2
782500,783500,2
783000,784000,2
783500,784500,2
784000,785000,2
784500,785500,7
785000,786000,14
785500,786500,27
786000,787000,23
786500,787500,12
787000,788000,7
787500,788500,13
788000,789000,16
788500,789500,17
789000,790000,27
789500,790500,24
790000,791000,5
790500,791500,8
791000,792000,9
791500,792500,3
792000,793000,4
792500,793500,3
793000,794000,7
793500,794500,8
794000,795000,4
794500,795500,2
795000,796000,7
795500,796500,7
796000,797000,9
796500,797500,5
797000,798000,4
797500,798500,5
798000,799000,5
798500,799500,2
799000,800000,2
799500,800500,3
800000,801000,4
800500,801500,9
801000,802000,11
801500,802500,12
802000,803000,23
802500,803500,17
803000,804000,7
803500,804500,7
804000,805000,5
804500,805500,8
805000,806000,6
805500,806500,4
806000,807000,6
806500,807500,7
807000,808000,6
807500,808500,8
808000,809000,11
808500,809500,10
809000,810000,10
809500,810500,10
810000,811000,6
810500,811500,5
811000,812000,5
811500,812500,6
812000,813000,7
812500,813500,4
813000,814000,8
813500,814500,14
814000,815000,10
814500,815500,3
815000,816000,2
815500,816500,6
816000,817000,7
816500,817500,4
817000,818000,6
817500,818500,7
818000,819000,3
818500,819500,3
819000,820000,3
819500,820500,3
820000,821000,4
820500,821500,2
821000,822000,1
821500,822500,3
822000,823000,6
822500,823500,6
823000,824000,5
823500,824500,4
824000,825000,2
824500,825500,3
825000,826000,8
825500,826500,6
826000,827000,1
826500,827500,1
827000,828000,2
827500,828500,5
828000,829000,3
828500,829500,0
829000,830000,1
829500,830500,1
830000,831000,1
830500,831500,1
831000,832000,0
831500,832500,0
832000,833000,1
832500,833500,3
833000,834000,4
833500,834500,4
834000,835000,3
834500,835500,3
835000,836000,4
835500,836500,11
836000,837000,16
836500,837500,12
837000,838000,8
837500,838500,6
838000,839000,3
838500,839500,4
839000,840000,9
839500,840500,8
840000,841000,3
840500,841500,0
841000,842000,0
841500,842500,0
842000,843000,0
842500,843500,0
843000,844000,12
843500,844500,13
844000,845000,3
844500,845500,3
845000,846000,3
845500,846500,3
846000,847000,3
846500,847500,2
847000,848000,3
847500,848500,3
848000,849000,2
848500,849500,5
849000,850000,5
849500,850500,5
850000,851000,4
850500,851500,3
851000,852000,8
851500,852500,7
852000,853000,2
852500,853500,5
853000,854000,8
853500,854500,4
854000,855000,2
854500,855500,9
855000,856000,8
855500,856500,5
856000,857000,5
856500,857500,1
857000,858000,1
857500,858500,2
858000,859000,2
858500,859500,2
859000,860000,7
859500,860500,8
860000,861000,4
860500,861500,5
861000,862000,7
861500,862500,6
862000,863000,8
862500,863500,8
863000,864000,7
863500,864500,8
864000,865000,4
864500,865500,2
865000,866000,3
865500,866500,5
866000,867000,7
866500,867500,8
867000,868000,6
867500,868500,2
868000,869000,21
868500,869500,57
869000,870000,44
869500,870500,8
870000,871000,8
870500,871500,8
871000,872000,8
871500,872500,8
872000,873000,8
872500,873500,8
873000,874000,8
873500,874500,9
874000,875000,23
874500,875500,34
875000,876000,13
875500,876500,4
876000,877000,6
876500,877500,3
877000,878000,1
877500,878500,1
878000,879000,1
878500,879500,1
879000,880000,1
879500,880500,1
880000,881000,1
880500,881500,1
881000,882000,1
881500,882500,1
882000,883000,1
882500,883500,1
883000,884000,1
883500,884500,2
884000,885000,3
884500,885500,2
885000,886000,1
885500,886500,1
886000,887000,3
886500,887500,5
887000,888000,4
887500,888500,6
888000,889000,12
888500,889500,23
889000,890000,17
889500,890500,16
890000,891000,15
890500,891500,3
891000,892000,10
891500,892500,10
892000,893000,3
892500,893500,11
893000,894000,12
893500,894500,2
894000,895000,0
894500,895500,2
895000,896000,5
895500,896500,6
896000,897000,5
896500,897500,4
897000,898000,2
897500,898500,2
898000,899000,3
898500,899500,3
899000,900000,2
899500,900500,0
900000,901000,2
900500,901500,5
901000,902000,5
901500,902500,3
902000,903000,1
902500,903500,4
903000,904000,4
903500,904500,2
904000,905000,6
904500,905500,6
905000,906000,7
905500,906500,6
906000,907000,1
906500,907500,1
907000,908000,2
907500,908500,1
908000,909000,1
908500,909500,4
909000,910000,4
909500,910500,6
910000,911000,7
910500,911500,4
911000,912000,4
911500,912500,2
912000,913000,3
912500,913500,8
913000,914000,8
913500,914500,4
914000,915000,4
914500,915500,4
915000,916000,1
915500,916500,4
916000,917000,6
916500,917500,5
917000,918000,5
917500,918500,3
918000,919000,3
918500,919500,3
919000,920000,7
919500,920500,11
920000,921000,5
920500,921500,1
921000,922000,1
921500,922500,0
922000,923000,0
922500,923500,2
923000,924000,3
923500,924500,2
924000,925000,1
924500,925500,2
925000,926000,2
925500,926500,0
926000,927000,1
926500,927500,5
927000,928000,7
927500,928500,3
928000,929000,2
928500,929500,2
929000,930000,0
929500,930500,4
930000,931000,7
930500,931500,4
931000,932000,2
931500,932500,4
932000,933000,4
932500,933500,1
933000,934000,1
933500,934500,1
934000,935000,1
934500,935500,4
935000,936000,6
935500,936500,4
936000,937000,2
936500,937500,2
937000,938000,12
937500,938500,14
938000,939000,3
938500,939500,1
939000,940000,2
939500,940500,3
940000,941000,3
940500,941500,2
941000,942000,4
941500,942500,5
942000,943000,5
942500,943500,4
943000,944000,6
943500,944500,8
944000,945000,7
944500,945500,6
945000,946000,3
945500,946500,6
946000,947000,7
946500,947500,4
947000,948000,2
947500,948500,5
948000,949000,7
948500,949500,6
949000,950000,4
949500,950500,1
950000,951000,2
950500,951500,4
951000,952000,6
951500,952500,5
952000,953000,2
952500,953500,0
953000,954000,0
953500,954500,2
954000,955000,2
954500,955500,0
955000,956000,2
955500,956500,2
956000,957000,2
956500,957500,5
957000,958000,10
957500,958500,8
958000,959000,3
958500,959500,9
959000,960000,8
959500,960500,6
960000,961000,10
960500,961500,8
961000,962000,9
961500,962500,8
962000,963000,3
962500,963500,5
963000,964000,6
963500,964500,7
964000,965000,10
964500,965500,5
965000,966000,5
965500,966500,5
966000,967000,5
966500,967500,5
967000,968000,5
967500,968500,5
968000,969000,5
968500,969500,5
969000,970000,5
969500,970500,5
970000,971000,5
970500,971500,5
971000,972000,5
971500,972500,5
972000,973000,5
972500,973500,5
973000,974000,5
973500,974500,5
974000,975000,5
974500,975500,5
975000,976000,5
975500,976500,1
976000,977000,1
976500,977500,3
977000,978000,5
977500,978500,5
978000,979000,6
978500,979500,9
979000,980000,7
979500,980500,7
980000,981000,10
980500,981500,7
981000,982000,8
981500,982500,6
982000,983000,1
982500,983500,5
983000,984000,6
983500,984500,4
984000,985000,5
984500,985500,3
985000,986000,3
985500,986500,2
986000,987000,4
986500,987500,9
987000,988000,20
987500,988500,17
988000,989000,5
988500,989500,4
989000,990000,1
989500,990500,3
990000,991000,4
990500,991500,3
991000,992000,2
991500,992500,1
992000,993000,2
992500,993500,3
993000,994000,5
993500,994500,4
994000,995000,3
994500,995500,2
995000,996000,2
995500,996500,4
996000,997000,3
996500,997500,2
997000,998000,2
997500,998500,3
998000,999000,3
998500,999500,1
999000,1000000,4
999500,1000500,5
1000000,1001000,5
1000500,1001500,4
1001000,1002000,0
1001500,1002500,0
1002000,1003000,2
1002500,1003500,3
1003000,1004000,2
1003500,1004500,1
1004000,1005000,2
1004500,1005500,3
1005000,1006000,2
1005500,1006500,3
1006000,1007000,2
1006500,1007500,16
1007000,1008000,18
1007500,1008500,4
1008000,1009000,6
1008500,1009500,9
1009000,1010000,9
1009500,1010500,6
1010000,1011000,4
1010500,1011500,3
1011000,1012000,4
1011500,1012500,4
1012000,1013000,4
1012500,1013500,4
1013000,1014000,1
1013500,1014500,1
1014000,1015000,1
1014500,1015500,1
1015000,1016000,1
1015500,1016500,4
1016000,1017000,6
1016500,1017500,3
1017000,1018000,6
1017500,1018500,5
1018000,1019000,5
1018500,1019500,6
1019000,1020000,1
1019500,1020500,0
1020000,1021000,3
1020500,1021500,4
1021000,1022000,3
1021500,1022500,5
1022000,1023000,8
1022500,1023500,7
1023000,1024000,6
1023500,1024500,6
1024000,1025000,8
1024500,1025500,7
1025000,1026000,2
1025500,1026500,5
1026000,1027000,9
1026500,1027500,6
1027000,1028000,4
1027500,1028500,10
1028000,1029000,10
1028500,1029500,4
1029000,1030000,2
1029500,1030500,6
1030000,1031000,6
1030500,1031500,1
1031000,1032000,5
1031500,1032500,6
1032000,1033000,3
1032500,1033500,2
1033000,1034000,1
1033500,1034500,1
1034000,1035000,1
1034500,1035500,2
1035000,1036000,1
1035500,1036500,2
1036000,1037000,1
1036500,1037500,0
1037000,1038000,5
1037500,1038500,5
1038000,1039000,1
1038500,1039500,1
1039000,1040000,3
1039500,1040500,7
1040000,1041000,12
1040500,1041500,15
1041000,1042000,8
1041500,1042500,1
1042000,1043000,1
1042500,1043500,2
1043000,1044000,1
1043500,1044500,0
1044000,1045000,0
1044500,1045500,0
1045000,1046000,1
1045500,1046500,2
1046000,1047000,2
1046500,1047500,1
1047000,1048000,3
1047500,1048500,7
1048000,1049000,4
1048500,1049500,3
1049000,1050000,4
1049500,1050500,1
1050000,1051000,6
1050500,1051500,9
1051000,1052000,3
1051500,1052500,2
1052000,1053000,4
1052500,1053500,3
1053000,1054000,5
1053500,1054500,8
1054000,1055000,6
1054500,1055500,2
1055000,1056000,7
1055500,1056500,7
1056000,1057000,2
1056500,1057500,3
1057000,1058000,3
1057500,1058500,7
1058000,1059000,8
1058500,1059500,3
1059000,1060000,7
1059500,1060500,5
1060000,1061000,5
1060500,1061500,7
1061000,1062000,9
1061500,1062500,10
1062000,1063000,10
1062500,1063500,9
1063000,1064000,6
1063500,1064500,8
1064000,1065000,10
1064500,1065500,6
1065000,1066000,4
1065500,1066500,3
1066000,1067000,2
1066500,1067500,1
1067000,1068000,1
1067500,1068500,1
1068000,1069000,1
1068500,1069500,5
1069000,1070000,9
1069500,1070500,22
1070000,1071000,31
1070500,1071500,16
1071000,1072000,6
1071500,1072500,6
1072000,1073000,5
1072500,1073500,9
1073000,1074000,8
1073500,1074500,5
1074000,1075000,5
1074500,1075500,8
1075000,1076000,8
1075500,1076500,8
1076000,1077000,9
1076500,1077500,5
1077000,1078000,4
1077500,1078500,24
1078000,1079000,31
1078500,1079500,15
1079000,1080000,8
1079500,1080500,3
1080000,1081000,1
1080500,1081500,1
1081000,1082000,1
1081500,1082500,2
1082000,1083000,6
1082500,1083500,6
1083000,1084000,5
1083500,1084500,7
1084000,1085000,8
1084500,1085500,7
1085000,1086000,4
1085500,1086500,3
1086000,1087000,3
1086500,1087500,1
1087000,1088000,0
1087500,1088500,3
1088000,1089000,3
1088500,1089500,10
1089000,1090000,15
1089500,1090500,7
1090000,1091000,4
1090500,1091500,2
1091000,1092000,2
1091500,1092500,2
1092000,1093000,2
1092500,1093500,2
1093000,1094000,2
1093500,1094500,2
1094000,1095000,2
1094500,1095500,2
1095000,1096000,3
1095500,1096500,2
1096000,1097000,1
1096500,1097500,1
1097000,1098000,2
1097500,1098500,4
1098000,1099000,11
1098500,1099500,8
1099000,1100000,6
1099500,1100500,7
1100000,1101000,3
1100500,1101500,7
1101000,1102000,6
1101500,1102500,2
1102000,1103000,1
1102500,1103500,1
1103000,1104000,4
1103500,1104500,9
1104000,1105000,7
1104500,1105500,1
1105000,1106000,2
1105500,1106500,12
1106000,1107000,13
1106500,1107500,3
1107000,1108000,2
1107500,1108500,2
1108000,1109000,18
1108500,1109500,24
1109000,1110000,8
1109500,1110500,1
1110000,1111000,1
1110500,1111500,4
1111000,1112000,3
1111500,1112500,2
1112000,1113000,4
1112500,1113500,4
1113000,1114000,4
1113500,1114500,4
1114000,1115000,8
1114500,1115500,10
1115000,1116000,9
1115500,1116500,8
1116000,1117000,6
1116500,1117500,5
1117000,1118000,2
1117500,1118500,4
1118000,1119000,4
1118500,1119500,3
1119000,1120000,5
1119500,1120500,3
1120000,1121000,5
1120500,1121500,16
1121000,1122000,17
1121500,1122500,12
1122000,1123000,9
1122500,1123500,8
1123000,1124000,8
1123500,1124500,3
1124000,1125000,1
1124500,1125500,2
1125000,1126000,2
1125500,1126500,4
1126000,1127000,5
1126500,1127500,3
1127000,1128000,4
1127500,1128500,5
1128000,1129000,6
1128500,1129500,4
1129000,1130000,1
1129500,1130500,3
1130000,1131000,6
1130500,1131500,5
1131000,1132000,2
1131500,1132500,0
1132000,1133000,0
1132500,1133500,1
1133000,1134000,2
1133500,1134500,2
1134000,1135000,2
1134500,1135500,2
1135000,1136000,1
1135500,1136500,0
1136000,1137000,6
1136500,1137500,8
1137000,1138000,9
1137500,1138500,7
1138000,1139000,0
1138500,1139500,0
1139000,1140000,3
1139500,1140500,5
1140000,1141000,5
1140500,1141500,3
1141000,1142000,7
1141500,1142500,7
1142000,1143000,1
1142500,1143500,2
1143000,1144000,5
1143500,1144500,4
1144000,1145000,1
1144500,1145500,2
1145000,1146000,2
1145500,1146500,10
1146000,1147000,12
1146500,1147500,11
1147000,1148000,9
1147500,1148500,8
1148000,1149000,12
1148500,1149500,7
1149000,1150000,3
1149500,1150500,1
1150000,1151000,7
1150500,1151500,20
1151000,1152000,15
1151500,1152500,7
1152000,1153000,11
1152500,1153500,13
1153000,1154000,10
1153500,1154500,7
1154000,1155000,5
1154500,1155500,13
1155000,1156000,22
1155500,1156500,15
1156000,1157000,13
1156500,1157500,14
1157000,1158000,9
1157500,1158500,21
1158000,1159000,23
1158500,1159500,9
1159000,1160000,18
1159500,1160500,41
1160000,1161000,37
1160500,1161500,17
1161000,1162000,12
1161500,1162500,8
1162000,1163000,3
1162500,1163500,3
1163000,1164000,3
1163500,1164500,3
1164000,1165000,3
1164500,1165500,3
1165000,1166000,3
1165500,1166500,3
1166000,1167000,3
1166500,1167500,3
1167000,1168000,3
1167500,1168500,3
1168000,1169000,3
1168500,1169500,3
1169000,1170000,3
1169500,1170500,3
1170000,1171000,23
1170500,1171500,28
1171000,1172000,11
1171500,1172500,15
1172000,1173000,12
1172500,1173500,1
1173000,1174000,4
1173500,1174500,9
1174000,1175000,8
1174500,1175500,6
1175000,1176000,6
1175500,1176500,7
1176000,1177000,7
1176500,1177500,3
1177000,1178000,4
1177500,1178500,9
1178000,1179000,6
1178500,1179500,3
1179000,1180000,4
1179500,1180500,1
1180000,1181000,2
1180500,1181500,12
1181000,1182000,14
1181500,1182500,7
1182000,1183000,5
1182500,1183500,5
1183000,1184000,8
1183500,1184500,9
1184000,1185000,4
1184500,1185500,2
1185000,1186000,5
1185500,1186500,6
1186000,1187000,5
1186500,1187500,2
1187000,1188000,2
1187500,1188500,2
1188000,1189000,2
1188500,1189500,4
1189000,1190000,2
1189500,1190500,0
1190000,1191000,3
1190500,1191500,12
1191000,1192000,12
1191500,1192500,6
1192000,1193000,13
1192500,1193500,15
1193000,1194000,14
1193500,1194500,21
1194000,1195000,27
1194500,1195500,29
1195000,1196000,28
1195500,1196500,17
1196000,1197000,4
1196500,1197500,1
1197000,1198000,1
1197500,1198500,1
1198000,1199000,1
1198500,1199500,1
1199000,1200000,1
1199500,1200500,3
1200000,1201000,9
1200500,1201500,17
1201000,1202000,13
1201500,1202500,8
1202000,1203000,6
1202500,1203500,4
1203000,1204000,8
1203500,1204500,5
1204000,1205000,2
1204500,1205500,3
1205000,1206000,2
1205500,1206500,1
1206000,1207000,1
1206500,1207500,4
1207000,1208000,7
1207500,1208500,4
1208000,1209000,0
1208500,1209500,0
1209000,1210000,0
1209500,1210500,0
1210000,1211000,0
1210500,1211500,0
1211000,1212000,0
1211500,1212500,0
1212000,1213000,0
1212500,1213500,0
1213000,1214000,3
1213500,1214500,5
1214000,1215000,3
1214500,1215500,2
1215000,1216000,5
1215500,1216500,5
1216000,1217000,4
1216500,1217500,3
1217000,1218000,1
1217500,1218500,3
1218000,1219000,4
1218500,1219500,45
1219000,1220000,48
1219500,1220500,23
1220000,1221000,22
1220500,1221500,7
1221000,1222000,2
1221500,1222500,0
1222000,1223000,3
1222500,1223500,4
1223000,1224000,3
1223500,1224500,4
1224000,1225000,4
1224500,1225500,3
1225000,1226000,1
1225500,1226500,6
1226000,1227000,6
1226500,1227500,4
1227000,1228000,4
1227500,1228500,11
1228000,1229000,13
1228500,1229500,7
1229000,1230000,12
1229500,1230500,10
1230000,1231000,4
1230500,1231500,1
1231000,1232000,3
1231500,1232500,4
1232000,1233000,1
1232500,1233500,3
1233000,1234000,5
1233500,1234500,3
1234000,1235000,8
1234500,1235500,7
1235000,1236000,3
1235500,1236500,9
1236000,1237000,14
1236500,1237500,14
1237000,1238000,9
1237500,1238500,7
1238000,1239000,6
1238500,1239500,3
1239000,1240000,1
1239500,1240500,4
1240000,1241000,4
1240500,1241500,2
1241000,1242000,3
1241500,1242500,4
1242000,1243000,4
1242500,1243500,4
1243000,1244000,2
1243500,1244500,1
1244000,1245000,2
1244500,1245500,2
1245000,1246000,2
1245500,1246500,3
1246000,1247000,5
1246500,1247500,5
1247000,1248000,4
1247500,1248500,3
1248000,1249000,1
1248500,1249500,0
1249000,1250000,1
1249500,1250500,8
1250000,1251000,9
1250500,1251500,3
1251000,1252000,1
1251500,1252500,1
1252000,1253000,4
1252500,1253500,3
1253000,1254000,1
1253500,1254500,1
1254000,1255000,3
1254500,1255500,9
1255000,1256000,6
1255500,1256500,0
1256000,1257000,6
1256500,1257500,11
1257000,1258000,9
1257500,1258500,5
1258000,1259000,2
1258500,1259500,4
1259000,1260000,3
1259500,1260500,0
1260000,1261000,1
1260500,1261500,4
1261000,1262000,9
1261500,1262500,11
1262000,1263000,6
1262500,1263500,9
1263000,1264000,15
1263500,1264500,11
1264000,1265000,10
1264500,1265500,11
1265000,1266000,11
1265500,1266500,13
1266000,1267000,10
1266500,1267500,11
1267000,1268000,23
1267500,1268500,18
1268000,1269000,5
1268500,1269500,12
1269000,1270000,13
1269500,1270500,7
1270000,1271000,8
1270500,1271500,8
1271000,1272000,6
1271500,1272500,7
1272000,1273000,5
1272500,1273500,7
1273000,1274000,10
1273500,1274500,8
1274000,1275000,6
1274500,1275500,5
1275000,1276000,6
1275500,1276500,3
1276000,1277000,7
1276500,1277500,11
1277000,1278000,10
1277500,1278500,7
1278000,1279000,10
1278500,1279500,22
1279000,1280000,33
1279500,1280500,29
1280000,1281000,10
1280500,1281500,2
1281000,1282000,2
1281500,1282500,1
1282000,1283000,2
1282500,1283500,4
1283000,1284000,3
1283500,1284500,11
1284000,1285000,12
1284500,1285500,3
1285000,1286000,1
1285500,1286500,4
1286000,1287000,6
1286500,1287500,2
1287000,1288000,6
1287500,1288500,7
1288000,1289000,1
1288500,1289500,1
1289000,1290000,1
1289500,1290500,1
1290000,1291000,1
1290500,1291500,1
1291000,1292000,1
1291500,1292500,1
1292000,1293000,1
1292500,1293500,1
1293000,1294000,1
1293500,1294500,8
1294000,1295000,7
1294500,1295500,0
1295000,1296000,0
1295500,1296500,0
1296000,1297000,0
1296500,1297500,0
1297000,1298000,0
1297500,1298500,0
1298000,1299000,0
1298500,1299500,0
1299000,1300000,0
1299500,1300500,0
1300000,1301000,0
1300500,1301500,0
1301000,1302000,0
1301500,1302500,0
1302000,1303000,0
1302500,1303500,0
1303000,1304000,0
1303500,1304500,0
1304000,1305000,0
1304500,1305500,0
1305000,1306000,0
1305500,1306500,1
1306000,1307000,1
1306500,1307500,2
1307000,1308000,4
1307500,1308500,3
1308000,1309000,2
1308500,1309500,3
1309000,1310000,6
1309500,1310500,5
1310000,1311000,1
1310500,1311500,5
1311000,1312000,11
1311500,1312500,13
1312000,1313000,9
1312500,1313500,5
1313000,1314000,8
1313500,1314500,6
1314000,1315000,4
1314500,1315500,7
1315000,1316000,6
1315500,1316500,5
1316000,1317000,5
1316500,1317500,2
1317000,1318000,4
1317500,1318500,4
1318000,1319000,2
1318500,1319500,3
1319000,1320000,3
1319500,1320500,6
1320000,1321000,4
1320500,1321500,1
1321000,1322000,1
1321500,1322500,2
1322000,1323000,3
1322500,1323500,4
1323000,1324000,6
1323500,1324500,8
1324000,1325000,8
1324500,1325500,8
1325000,1326000,8
1325500,1326500,10
1326000,1327000,10
1326500,1327500,4
1327000,1328000,2
1327500,1328500,3
1328000,1329000,7
1328500,1329500,7
1329000,1330000,2
1329500,1330500,1
1330000,1331000,4
1330500,1331500,6
1331000,1332000,4
1331500,1332500,5
1332000,1333000,6
1332500,1333500,2
1333000,1334000,0
1333500,1334500,1
1334000,1335000,1
1334500,1335500,2
1335000,1336000,6
1335500,1336500,4
1336000,1337000,14
1336500,1337500,18
1337000,1338000,6
1337500,1338500,4
1338000,1339000,5
1338500,1339500,7
1339000,1340000,10
1339500,1340500,11
1340000,1341000,7
1340500,1341500,3
1341000,1342000,4
1341500,1342500,3
1342000,1343000,5
1342500,1343500,18
1343000,1344000,29
1343500,1344500,21
1344000,1345000,14
1344500,1345500,20
1345000,1346000,24
1345500,1346500,19
1346000,1347000,16
1346500,1347500,15
1347000,1348000,6
1347500,1348500,3
1348000,1349000,6
1348500,1349500,5
1349000,1350000,6
1349500,1350500,8
1350000,1351000,5
1350500,1351500,4
1351000,1352000,4
1351500,1352500,4
1352000,1353000,4
1352500,1353500,6
1353000,1354000,4
1353500,1354500,3
1354000,1355000,9
1354500,1355500,9
1355000,1356000,7
1355500,1356500,9
1356000,1357000,10
1356500,1357500,6
1357000,1358000,1
1357500,1358500,2
1358000,1359000,8
1358500,1359500,13
1359000,1360000,11
1359500,1360500,8
1360000,1361000,6
1360500,1361500,6
1361000,1362000,7
1361500,1362500,5
1362000,1363000,4
1362500,1363500,4
1363000,1364000,4
1363500,1364500,5
1364000,1365000,4
1364500,1365500,5
1365000,1366000,7
1365500,1366500,4
1366000,1367000,3
1366500,1367500,10
1367000,1368000,10
1367500,1368500,3
1368000,1369000,9
1368500,1369500,10
1369000,1370000,3
1369500,1370500,1
1370000,1371000,5
1370500,1371500,9
1371000,1372000,13
1371500,1372500,14
1372000,1373000,11
1372500,1373500,15
1373000,1374000,13
1373500,1374500,6
1374000,1375000,2
1374500,1375500,0
1375000,1376000,5
1375500,1376500,5
1376000,1377000,2
1376500,1377500,2
1377000,1378000,1
1377500,1378500,1
1378000,1379000,4
1378500,1379500,8
1379000,1380000,14
1379500,1380500,11
1380000,1381000,5
1380500,1381500,11
1381000,1382000,8
1381500,1382500,8
1382000,1383000,14
1382500,1383500,9
1383000,1384000,7
1383500,1384500,11
1384000,1385000,14
1384500,1385500,10
1385000,1386000,6
1385500,1386500,6
1386000,1387000,5
1386500,1387500,6
1387000,1388000,8
1387500,1388500,5
1388000,1389000,0
1388500,1389500,0
1389000,1390000,21
1389500,1390500,25
1390000,1391000,15
1390500,1391500,22
1391000,1392000,13
1391500,1392500,19
1392000,1393000,27
1392500,1393500,34
1393000,1394000,32
1393500,1394500,9
1394000,1395000,4
1394500,1395500,11
1395000,1396000,8
1395500,1396500,0
1396000,1397000,3
1396500,1397500,4
1397000,1398000,2
1397500,1398500,4
1398000,1399000,10
1398500,1399500,12
1399000,1400000,8
1399500,1400500,5
1400000,1401000,9
1400500,1401500,10
1401000,1402000,9
1401500,1402500,9
1402000,1403000,6
1402500,1403500,7
1403000,1404000,7
1403500,1404500,3
1404000,1405000,1
1404500,1405500,2
1405000,1406000,8
1405500,1406500,10
1406000,1407000,6
1406500,1407500,9
1407000,1408000,12
1407500,1408500,6
1408000,1409000,0
1408500,1409500,3
1409000,1410000,6
1409500,1410500,4
1410000,1411000,4
1410500,1411500,15
1411000,1412000,14
1411500,1412500,7
1412000,1413000,7
1412500,1413500,8
1413000,1414000,7
1413500,1414500,1
1414000,1415000,1
1414500,1415500,2
1415000,1416000,2
1415500,1416500,1
1416000,1417000,1
1416500,1417500,2
1417000,1418000,1
1417500,1418500,1
1418000,1419000,1
1418500,1419500,1
1419000,1420000,1
1419500,1420500,1
1420000,1421000,1
1420500,1421500,1
1421000,1422000,3
1421500,1422500,6
1422000,1423000,6
1422500,1423500,4
1423000,1424000,14
1423500,1424500,17
1424000,1425000,5
1424500,1425500,8
1425000,1426000,7
1425500,1426500,7
1426000,1427000,7
1426500,1427500,7
1427000,1428000,7
1427500,1428500,7
1428000,1429000,8
1428500,1429500,8
1429000,1430000,11
1429500,1430500,10
1430000,1431000,8
1430500,1431500,5
1431000,1432000,2
1431500,1432500,0
1432000,1433000,1
1432500,1433500,3
1433000,1434000,6
1433500,1434500,11
1434000,1435000,10
1434500,1435500,5
1435000,1436000,5
1435500,1436500,6
1436000,1437000,4
1436500,1437500,3
1437000,1438000,3
1437500,1438500,1
1438000,1439000,2
1438500,1439500,6
1439000,1440000,10
1439500,1440500,10
1440000,1441000,4
1440500,1441500,0
1441000,1442000,9
1441500,1442500,14
1442000,1443000,7
1442500,1443500,3
1443000,1444000,3
1443500,1444500,4
1444000,1445000,7
1444500,1445500,9
1445000,1446000,4
1445500,1446500,1
1446000,1447000,12
1446500,1447500,14
1447000,1448000,5
1447500,1448500,4
1448000,1449000,3
1448500,1449500,3
1449000,1450000,4
1449500,1450500,4
1450000,1451000,4
1450500,1451500,3
1451000,1452000,3
1451500,1452500,2
1452000,1453000,1
1452500,1453500,1
1453000,1454000,2
1453500,1454500,6
1454000,1455000,6
1454500,1455500,2
1455000,1456000,2
1455500,1456500,2
1456000,1457000,2
1456500,1457500,4
1457000,1458000,3
1457500,1458500,2
1458000,1459000,1
1458500,1459500,0
1459000,1460000,0
1459500,1460500,0
1460000,1461000,0
1460500,1461500,0
1461000,1462000,0
1461500,1462500,0
1462000,1463000,0
1462500,1463500,0
1463000,1464000,0
1463500,1464500,1
1464000,1465000,7
1464500,1465500,9
1465000,1466000,7
1465500,1466500,6
1466000,1467000,6
1466500,1467500,21
1467000,1468000,26
1467500,1468500,9
1468000,1469000,8
1468500,1469500,9
1469000,1470000,1
1469500,1470500,2
1470000,1471000,6
1470500,1471500,14
1471000,1472000,14
1471500,1472500,9
1472000,1473000,4
1472500,1473500,3
1473000,1474000,7
1473500,1474500,16
1474000,1475000,15
1474500,1475500,20
1475000,1476000,18
1475500,1476500,25
1476000,1477000,48
1476500,1477500,55
1477000,1478000,41
1477500,1478500,15
1478000,1479000,7
1478500,1479500,6
1479000,1480000,4
1479500,1480500,18
1480000,1481000,34
1480500,1481500,21
1481000,1482000,9
1481500,1482500,21
1482000,1483000,38
1482500,1483500,21
1483000,1484000,12
1483500,1484500,15
1484000,1485000,11
1484500,1485500,18
1485000,1486000,24
1485500,1486500,21
1486000,1487000,11
1486500,1487500,13
1487000,1488000,12
1487500,1488500,7
1488000,1489000,10
1488500,1489500,8
1489000,1490000,6
1489500,1490500,6
1490000,1491000,6
1490500,1491500,6
1491000,1492000,8
1491500,1492500,21
1492000,1493000,18
1492500,1493500,6
1493000,1494000,4
1493500,1494500,3
1494000,1495000,6
1494500,1495500,7
1495000,1496000,6
1495500,1496500,8
1496000,1497000,6
1496500,1497500,4
1497000,1498000,12
1497500,1498500,12
1498000,1499000,6
1498500,1499500,6
1499000,1500000,9
1499500,1500500,28
1500000,1501000,36
1500500,1501500,26
1501000,1502000,18
1501500,1502500,10
1502000,1503000,7
1502500,1503500,10
1503000,1504000,14
1503500,1504500,14
1504000,1505000,11
1504500,1505500,9
1505000,1506000,16
1505500,1506500,17
1506000,1507000,14
1506500,1507500,14
1507000,1508000,9
1507500,1508500,4
1508000,1509000,3
1508500,1509500,5
1509000,1510000,7
1509500,1510500,4
1510000,1511000,5
1510500,1511500,17
1511000,1512000,15
1511500,1512500,16
1512000,1513000,29
1512500,1513500,30
1513000,1514000,18
1513500,1514500,8
1514000,1515000,7
1514500,1515500,6
1515000,1516000,7
1515500,1516500,6
1516000,1517000,5
1516500,1517500,9
1517000,1518000,7
1517500,1518500,5
1518000,1519000,4
1518500,1519500,6
1519000,1520000,7
1519500,1520500,7
1520000,1521000,13
1520500,1521500,11
1521000,1522000,8
1521500,1522500,6
1522000,1523000,4
1522500,1523500,7
1523000,1524000,7
1523500,1524500,9
1524000,1525000,21
1524500,1525500,21
1525000,1526000,10
1525500,1526500,18
1526000,1527000,27
1526500,1527500,22
1527000,1528000,26
1527500,1528500,27
1528000,1529000,31
1528500,1529500,31
1529000,1530000,29
1529500,1530500,25
1530000,1531000,9
1530500,1531500,10
1531000,1532000,13
1531500,1532500,9
1532000,1533000,10
1532500,1533500,8
1533000,1534000,1
1533500,1534500,12
1534000,1535000,17
1534500,1535500,13
1535000,1536000,15
1535500,1536500,14
1536000,1537000,13
1536500,1537500,21
1537000,1538000,19
1537500,1538500,12
1538000,1539000,18
1538500,1539500,27
1539000,1540000,36
1539500,1540500,32
1540000,1541000,21
1540500,1541500,13
1541000,1542000,23
1541500,1542500,41
1542000,1543000,28
1542500,1543500,12
1543000,1544000,16
1543500,1544500,14
1544000,1545000,8
1544500,1545500,4
1545000,1546000,0
1545500,1546500,0
1546000,1547000,0
1546500,1547500,0
1547000,1548000,6
1547500,1548500,7
1548000,1549000,7
1548500,1549500,12
1549000,1550000,11
1549500,1550500,15
1550000,1551000,18
1550500,1551500,13
1551000,1552000,8
1551500,1552500,7
1552000,1553000,7
1552500,1553500,6
1553000,1554000,5
1553500,1554500,5
1554000,1555000,8
1554500,1555500,10
1555000,1556000,10
1555500,1556500,9
1556000,1557000,9
1556500,1557500,5
1557000,1558000,5
1557500,1558500,6
1558000,1559000,2
1558500,1559500,1
1559000,1560000,1
1559500,1560500,1
1560000,1561000,1
1560500,1561500,1
1561000,1562000,1
1561500,1562500,1
1562000,1563000,1
1562500,1563500,1
1563000,1564000,1
1563500,1564500,1
1564000,1565000,1
1564500,1565500,16
1565000,1566000,15
1565500,1566500,15
1566000,1567000,15
1566500,1567500,15
1567000,1568000,15
1567500,1568500,15
1568000,1569000,15
1568500,1569500,15
1569000,1570000,15
1569500,1570500,15
1570000,1571000,15
1570500,1571500,15
1571000,1572000,25
1571500,1572500,13
1572000,1573000,7
1572500,1573500,8
1573000,1574000,6
1573500,1574500,4
1574000,1575000,5
1574500,1575500,8
1575000,1576000,8
1575500,1576500,4
1576000,1577000,6
1576500,1577500,11
1577000,1578000,8
1577500,1578500,6
1578000,1579000,5
1578500,1579500,1
1579000,1580000,1
1579500,1580500,1
1580000,1581000,1
1580500,1581500,1
1581000,1582000,1
1581500,1582500,1
1582000,1583000,1
1582500,1583500,1
1583000,1584000,1
1583500,1584500,7
1584000,1585000,11
1584500,1585500,9
1585000,1586000,8
1585500,1586500,10
1586000,1587000,7
1586500,1587500,4
1587000,1588000,5
1587500,1588500,2
1588000,1589000,3
1588500,1589500,5
1589000,1590000,7
1589500,1590500,12
1590000,1591000,17
1590500,1591500,17
1591000,1592000,12
1591500,1592500,13
1592000,1593000,16
1592500,1593500,14
1593000,1594000,17
1593500,1594500,16
1594000,1595000,26
1594500,1595500,29
1595000,1596000,12
1595500,1596500,7
1596000,1597000,9
1596500,1597500,10
1597000,1598000,10
1597500,1598500,14
1598000,1599000,11
1598500,1599500,7
1599000,1600000,9
1599500,1600500,12
1600000,1601000,33
1600500,1601500,29
1601000,1602000,5
1601500,1602500,3
1602000,1603000,2
1602500,1603500,2
1603000,1604000,7
1603500,1604500,11
1604000,1605000,8
1604500,1605500,5
1605000,1606000,6
1605500,1606500,9
1606000,1607000,7
1606500,1607500,4
1607000,1608000,3
1607500,1608500,6
1608000,1609000,9
1608500,1609500,7
1609000,1610000,5
1609500,1610500,7
1610000,1611000,8
1610500,1611500,7
1611000,1612000,5
1611500,1612500,7
1612000,1613000,6
1612500,1613500,2
1613000,1614000,3
1613500,1614500,2
1614000,1615000,6
1614500,1615500,7
1615000,1616000,1
1615500,1616500,4
1616000,1617000,6
1616500,1617500,3
1617000,1618000,8
1617500,1618500,13
1618000,1619000,14
1618500,1619500,15
1619000,1620000,11
1619500,1620500,10
1620000,1621000,13
1620500,1621500,27
1621000,1622000,27
1621500,1622500,38
1622000,1623000,42
1622500,1623500,22
1623000,1624000,32
1623500,1624500,29
1624000,1625000,12
1624500,1625500,13
1625000,1626000,20
1625500,1626500,23
1626000,1627000,16
1626500,1627500,6
1627000,1628000,5
1627500,1628500,10
1628000,1629000,10
1628500,1629500,10
1629000,1630000,8
1629500,1630500,8
1630000,1631000,9
1630500,1631500,10
1631000,1632000,10
1631500,1632500,4
1632000,1633000,4
1632500,1633500,4
1633000,1634000,1
1633500,1634500,6
1634000,1635000,8
1634500,1635500,4
1635000,1636000,9
1635500,1636500,9
1636000,1637000,6
1636500,1637500,7
1637000,1638000,4
1637500,1638500,13
1638000,1639000,13
1638500,1639500,5
1639000,1640000,9
1639500,1640500,9
1640000,1641000,5
1640500,1641500,3
1641000,1642000,7
1641500,1642500,10
1642000,1643000,5
1642500,1643500,3
1643000,1644000,11
1643500,1644500,13
1644000,1645000,14
1644500,1645500,9
1645000,1646000,1
1645500,1646500,3
1646000,1647000,13
1646500,1647500,12
1647000,1648000,2
1647500,1648500,3
1648000,1649000,4
1648500,1649500,3
1649000,1650000,2
1649500,1650500,1
1650000,1651000,4
1650500,1651500,6
1651000,1652000,6
1651500,1652500,7
1652000,1653000,4
1652500,1653500,1
1653000,1654000,0
1653500,1654500,5
1654000,1655000,7
1654500,1655500,6
1655000,1656000,5
1655500,1656500,1
1656000,1657000,2
1656500,1657500,2
1657000,1658000,0
1657500,1658500,2
1658000,1659000,5
1658500,1659500,4
1659000,1660000,9
1659500,1660500,11
1660000,1661000,5
1660500,1661500,2
1661000,1662000,1
1661500,1662500,1
1662000,1663000,1
1662500,1663500,1
1663000,1664000,1
1663500,1664500,1
1664000,1665000,1
1664500,1665500,1
1665000,1666000,1
1665500,1666500,1
1666000,1667000,1
1666500,1667500,1
1667000,1668000,1
1667500,1668500,1
1668000,1669000,1
1668500,1669500,1
1669000,1670000,1
1669500,1670500,1
1670000,1671000,1
1670500,1671500,1
1671000,1672000,1
1671500,1672500,1
1672000,1673000,1
1672500,1673500,1
1673000,1674000,1
1673500,1674500,1
1674000,1675000,3
1674500,1675500,6
1675000,1676000,12
1675500,1676500,16
1676000,1677000,11
1676500,1677500,4
1677000,1678000,2
1677500,1678500,1
1678000,1679000,0
1678500,1679500,2
1679000,1680000,9
1679500,1680500,10
1680000,1681000,4
1680500,1681500,2
1681000,1682000,1
1681500,1682500,0
1682000,1683000,1
1682500,1683500,6
1683000,1684000,5
1683500,1684500,1
1684000,1685000,2
1684500,1685500,13
1685000,1686000,17
1685500,1686500,6
1686000,1687000,4
1686500,1687500,9
1687000,1688000,10
1687500,1688500,17
1688000,1689000,17
1688500,1689500,10
1689000,1690000,8
1689500,1690500,5
1690000,1691000,3
1690500,1691500,4
1691000,1692000,7
1691500,1692500,7
1692000,1693000,7
1692500,1693500,10
1693000,1694000,14
1693500,1694500,25
1694000,1695000,46
1694500,1695500,30
1695000,1696000,44
1695500,1696500,16
1696000,1697000,14
1696500,1697500,12
1697000,1698000,17
1697500,1698500,5
1698000,1699000,6
1698500,1699500,6
1699000,1700000,6
1699500,1700500,6
1700000,1701000,6
1700500,1701500,6
1701000,1702000,6
1701500,1702500,6
1702000,1703000,6
1702500,1703500,6
1703000,1704000,6
1703500,1704500,6
1704000,1705000,6
1704500,1705500,6
1705000,1706000,6
1705500,1706500,6
1706000,1707000,6
1706500,1707500,6
1707000,1708000,6
1707500,1708500,6
1708000,1709000,6
1708500,1709500,6
1709000,1710000,6
1709500,1710500,6
1710000,1711000,7
1710500,1711500,1
1711000,1712000,7
1711500,1712500,9
1712000,1713000,5
1712500,1713500,4
1713000,1714000,5
1713500,1714500,5
1714000,1715000,5
1714500,1715500,4
1715000,1716000,1
1715500,1716500,3
1716000,1717000,22
1716500,1717500,21
1717000,1718000,8
1717500,1718500,10
1718000,1719000,7
1718500,1719500,8
1719000,1720000,6
1719500,1720500,4
1720000,1721000,3
1720500,1721500,2
1721000,1722000,1
1721500,1722500,3
1722000,1723000,4
1722500,1723500,5
1723000,1724000,8
1723500,1724500,5
1724000,1725000,1
1724500,1725500,0
1725000,1726000,0
1725500,1726500,3
1726000,1727000,6
1726500,1727500,4
1727000,1728000,1
1727500,1728500,1
1728000,1729000,4
1728500,1729500,7
1729000,1730000,4
1729500,1730500,0
1730000,1731000,0
1730500,1731500,0
1731000,1732000,0
1731500,1732500,0
1732000,1733000,0
1732500,1733500,0
1733000,1734000,0
1733500,1734500,0
1734000,1735000,0
1734500,1735500,2
1735000,1736000,5
1735500,1736500,4
1736000,1737000,1
1736500,1737500,1
1737000,1738000,2
1737500,1738500,4
1738000,1739000,5
1738500,1739500,5
1739000,1740000,6
1739500,1740500,4
1740000,1741000,4
1740500,1741500,4
1741000,1742000,8
1741500,1742500,16
1742000,1743000,16
1742500,1743500,9
1743000,1744000,4
1743500,1744500,3
1744000,1745000,3
1744500,1745500,5
1745000,1746000,5
1745500,1746500,5
1746000,1747000,7
1746500,1747500,8
1747000,1748000,4
1747500,1748500,4
1748000,1749000,7
1748500,1749500,5
1749000,1750000,5
1749500,1750500,4
